<?xml version="1.0" encoding="utf-8"?>
<modification>
    <id><![CDATA[qwqer shipping]]></id>
    <version><![CDATA[OC 1.5.6.5]]></version>
    <vqmver><![CDATA[2.6.1]]></vqmver>
    <author><![CDATA[Alex ]]></author>
    <email><![CDATA[klimprograms@gmail.com]]></email>
    <link><![CDATA[https://t.me/alex_klimenko]]></link>
//
  <file path="catalog/model/checkout/order.php">
       <operation>
         <search regex="true"><![CDATA[/^(.*INSERT.*order_history.*order_status_id.*=.*(\$order_status_id)\s.*)$/mU]]></search>
         <add position="replace"><![CDATA[
          
          /*qwqer Module order creation*/
         if ($this->config->get('qwqer_status') && isset($order_status_id) && $order_status_id == (int)$order_status_id && isset($order_id)){
           $complete_statses_array = array($this->config->get('config_complete_status_id'));
           if (in_array($order_status_id,$complete_statses_array)){
               $this->load->model('checkout/order');
               $order_info_tmp =  $this->model_checkout_order->getOrder($order_id);
            if (strpos($order_info_tmp["shipping_code"],'qwqer.')!==false){
                $this->load->model('shipping/qwqer');
                $data_order =  $this->model_shipping_qwqer->generateOrderObject($order_info_tmp);

                $response = $this->model_shipping_qwqer->createOrder($data_order);
                $this->shipping_qwqer->addResponseRecord($response, $order_id);
            }
           }
         }
         /*!qwqer Module order creation*/
         
         $1
          ]]></add>
        </operation>
  </file>

  <file path="catalog/model/payment/*.php">
        <operation>
            <search regex="true"><![CDATA[/^(.*INSERT.*order_history.*order_status_id.*=.*(\$order_status_id)\s.*)$/mU]]></search>
            <add position="replace"><![CDATA[

          /*qwqer Module order creation*/
         if ($this->config->get('qwqer_status') && isset($order_status_id) && $order_status_id == (int)$order_status_id && isset($order_id)){
           $complete_statses_array = array($this->config->get('config_complete_status_id'));
           if (in_array($order_status_id,$complete_statses_array)){
               $this->load->model('checkout/order');
               $order_info_tmp =  $this->model_checkout_order->getOrder($order_id);
            if (strpos($order_info_tmp["shipping_code"],'qwqer.')!==false){
                $this->load->model('shipping/qwqer');
                $data_order =  $this->model_shipping_qwqer->generateOrderObject($order_info_tmp);

                $response = $this->model_shipping_qwqer->createOrder($data_order);
                $this->shipping_qwqer->addResponseRecord($response, $order_id);
            }
           }
         }
         /*!qwqer Module order creation*/

         $1
          ]]></add>
        </operation>
    </file>

  <file path="catalog/controller/checkout/success.php">
       <operation>
         <search ><![CDATA[if (isset($this->session->data['order_id'])) {]]></search>
         <add position="after"><![CDATA[
          
           /*qwqer Module additional field saving*/
          
            $this->load->model('shipping/qwqer');
            $this->load->model('account/order');
            $order_info =  $this->session->data;
            //qwqer.omnivaparcelterminal
            if ($this->config->get('qwqer_status') && isset($this->session->data['shipping_method']['code']) && strpos($this->session->data['shipping_method']['code'],'qwqer.')!==false){
                $this->load->model('checkout/order');
                $order_info = $this->model_checkout_order->getOrder($this->session->data['order_id']);
                if (isset($order_info) && $this->session->data['shipping_method']['code'] == 'qwqer.omnivaparcelterminal' ){
                    $order_info['shipping_method'] = 'Omnival Parcel Terminal';
                    $this->model_shipping_qwqer->updateShippingMethod($this->session->data['order_id'],'Omnival Parcel Terminal');
                }


                $data_order =  $this->model_shipping_qwqer->addOrderData($order_info);
                $this->session->data['shipping_method']['title'] = 'Omnival Parcel Terminal';
            }
          /*!qwqer Module additional field saving*/
          ]]></add>
        </operation>
  </file>

  <file path="admin/view/template/sale/order_info.tpl">
        <operation>
            <search ><![CDATA[if (json['error']) {]]></search>
            <add position="before"><![CDATA[
         //Qwqer show order creation results2
            if (json['qweqr_status']){
                alert(` ${json['qweqr_status']} \n ${json['qweqr_message']} `);
            }
          //!Qwqer show order creation results2
          ]]></add>
        </operation>
    </file>

  <file path="admin/controller/sale/order.php">
       <operation>
         <search ><![CDATA[$this->model_sale_order->editOrder]]></search>
         <add position="after"><![CDATA[

         /*qwqer Module notification on order change*/
                    $complete_statses_array = array($this->config->get('config_complete_status_id'));
                    if (!isset($order_status_id) && isset($this->request->post['order_status_id'])){
                      $order_status_id  = $this->request->post['order_status_id'];
                    }
                    if(!isset($order_data) && isset($order_info)){
                        $order_data = $order_info;
                    } elseif (!isset($order_data) && !isset($order_info) && isset($this->request->post["shipping_code"])) {
						$order_data = $this->request->post;
					} else {
						$order_data = null;
					}

					if(!isset($order_id) && isset($this->request->get["order_id"])) {
						$order_id = $this->request->get["order_id"];
					}

			/*qwqer Module order creation*/
			if ($this->config->get('qwqer_status') && isset($order_status_id) && $order_status_id == (int)$order_status_id && isset($order_id)){
				$complete_statses_array = array($this->config->get('config_complete_status_id'));
				if (in_array($order_status_id,$complete_statses_array)){
					$this->load->model('checkout/order');
					$order_info_tmp =  $this->model_checkout_order->getOrder($order_id);
					if (strpos($order_info_tmp["shipping_code"],'qwqer.')!==false){
						$this->load->model('extension/shipping/qwqer');
						$data_order =  $this->model_extension_shipping_qwqer->generateOrderObject($order_info_tmp);
						$response = $this->shipping_qwqer->createOrder($data_order);
						$this->shipping_qwqer->addResponseRecord($response, $order_id);
					}
				}
			}
			/*!qwqer Module order creation*/
					$json = array();

                    if($this->config->get('qwqer_status') && isset($order_status_id) && in_array($order_status_id,$complete_statses_array) && isset($order_data["shipping_code"]) && strpos($order_data["shipping_code"],'qwqer.')!==false){
                        $this->load->model('extension/shipping/qwqer');
                        $response = $this->shipping_qwqer->getResponse($order_id);
                        $this->load->language('shipping/qwqer');
                        if (isset($response) && isset($response["message"]) && isset($json)){
                            $json['qweqr_status']  = $this->language->get('message_status_order_error');
                            $json['qweqr_message'] = $response["message"];
                        }elseif(isset($response) && isset($response["data"]) && isset($response["data"]['id']) && isset($json)){
							$json['success'] = true;
                        }
                    }
          /*qwqer Module notification on order change*/
          ]]></add>
        </operation>

       <operation>
          <search ><![CDATA[$this->session->data['success'] = $this->language->get('text_success');]]></search>
          <add position="replace"><![CDATA[
          /*qwqer Module notification on order change*/
                   if (isset($json['success']) && $json['success'] === true)
                   {
                      $this->session->data['success'] = $this->language->get('message_status_order_id')."id:".$response["data"]['id'];
                   } else {
                      $this->session->data['success'] = $this->language->get('text_success');
                   }
          /*qwqer Module notification on order change*/
          ]]></add>
      </operation>
  </file>

</modification>