<?xml version="1.0" encoding="utf-8"?>
<modification>
  <code>qwqer</code>
  <name>QwQer Shipping service module</name>
  <version>3.0.0.10</version>
  <author> Alex</author>
  <link>https://t.me/alex_klimenko</link>


  <file path="catalog/controller/checkout/success.php">
       <operation>
         <search ><![CDATA[if (isset($this->session->data['order_id'])) {]]></search>
         <add position="after"><![CDATA[
          
           /*qwqer Module additional field saving*/
          
            
            //qwqer.omnivaparcelterminal
            if ($this->config->get('shipping_qwqer_status') && isset($this->session->data['shipping_method']['code']) && strpos($this->session->data['shipping_method']['code'],'qwqer.')!==false){
                $this->load->model('extension/shipping/qwqer');
                $this->load->model('account/order');
                $order_info =  $this->session->data;
                $this->load->model('checkout/order');
                $order_info = $this->model_checkout_order->getOrder($this->session->data['order_id']);
                if (isset($order_info) && $this->session->data['shipping_method']['code'] == 'qwqer.omnivaparcelterminal' ){
                    $order_info['shipping_method'] = 'Omnival Parcel Terminal';
                    $this->model_extension_shipping_qwqer->updateShippingMethod($this->session->data['order_id'],'Omnival Parcel Terminal');
                }


                $data_order =  $this->model_extension_shipping_qwqer->addOrderData($order_info);
                $this->session->data['shipping_method']['title'] = 'Omnival Parcel Terminal';
            }
          /*!qwqer Module additional field saving*/
          ]]></add>
        </operation>
  </file>


<!--

  <file path="catalog/model/extension/payment/*.php|catalog/model/checkout/order.php">
       <operation>
         <search regex="true"><![CDATA[/^(.*INSERT.*order_history.*order_status_id.*=.*(\$order_status_id)\s.*)$/mU]]></search>
         <add position="after"><![CDATA[
          
          /*qwqer Module order creation*/
         if ($this->config->get('shipping_qwqer_status') && isset($order_status_id) && $order_status_id == (int)$order_status_id && isset($order_id)){
           $complete_statses_array = $this->config->get('config_complete_status');
           if (in_array($order_status_id,$complete_statses_array)){
               $this->load->model('checkout/order');
               $order_info_tmp =  $this->model_checkout_order->getOrder($order_id);
            if (strpos($order_info_tmp["shipping_code"],'qwqer.')!==false){
                $this->load->model('extension/shipping/qwqer');
                $data_order =  $this->model_extension_shipping_qwqer->generateOrderObject($order_info_tmp);

                $response = $this->model_extension_shipping_qwqer->createOrder($data_order);
                $this->shipping_qwqer->addResponseRecord($response, $order_id);
            }
           }
         }
         /*!qwqer Module order creation*/
         
         $1
          ]]></add>
        </operation>
  </file>

  <file path="catalog/controller/api/order.php">
       <operation>
         <search regex="true" ><![CDATA[/(^.*\$this->model_checkout_order->addOrderHistory\(.*\).*$)/mU]]></search>
         <add position="after"><![CDATA[
          $1
         /*qwqer Module notification on order change*/
                    $complete_statses_array = $this->config->get('config_complete_status');
                    if (!isset($order_status_id) && isset($this->request->post['order_status_id'])){
                      $order_status_id  = $this->request->post['order_status_id'];
                    }
                    if(!isset($order_data) && isset($order_info)){
                        $order_data = $order_info;
                    }
                    if($this->config->get('shipping_qwqer_status') && isset($order_status_id) && in_array($order_status_id,$complete_statses_array) && isset($order_data["shipping_code"]) && strpos($order_data["shipping_code"],'qwqer.')!==false){
                        $this->load->model('extension/shipping/qwqer');
                        $response = $this->shipping_qwqer->getResponse($order_id);
                        $this->load->language('extension/shipping/qwqer');
                        if (isset($response) && isset($response["message"]) && isset($json)){
                            $json['qweqr_status']  = $this->language->get('message_status_order_error');
                            $json['qweqr_message'] = $response["message"];
                        }elseif(isset($response) && isset($response["data"]) && isset($response["data"]['id']) && isset($json)){
                            $json['qweqr_status']  = $this->language->get('message_status_order_success');
                            $json['qweqr_message'] = $this->language->get('message_status_order_id')."id:".$response["data"]['id'];
                        }
                    }
          /*qwqer Module notification on order change*/
          ]]></add>
        </operation>
  </file>
  
  <file path="admin/view/template/sale/order_form.twig">
       <operation>
         <search ><![CDATA[if (json['order_id']) {]]></search>
         <add position="before"><![CDATA[
         //Qwqer show order creation results
            if (json['qweqr_status']){
                alert(` ${json['qweqr_status']} \n ${json['qweqr_message']} `);
            }         
          //!Qwqer show order creation results
          ]]></add>
        </operation>
  </file>     

   <file path="admin/view/template/sale/order_info.twig">
       <operation>
         <search ><![CDATA[if (json['error']) {]]></search>
         <add position="before"><![CDATA[
         //Qwqer show order creation results
            if (json['qweqr_status']){
                alert(` ${json['qweqr_status']} \n ${json['qweqr_message']} `);
            }         
          //!Qwqer show order creation results
          ]]></add>
        </operation>
  </file>   
    
-->

</modification>